Date,Temperature,Precipitation
2017-02-02,8.5,0.843
2017-02-03,8.8,0.611
2017-02-04,5.6,3.306
2017-02-05,4.4,5.623
2017-02-06,4.1,0.026
2017-02-07,2.6,0.498
2017-02-08,0.0,0.557
2017-02-09,-1.3,0.009
2017-02-10,-2.2,0.032
2017-02-11,-0.4,0.975
2017-02-12,0.2,2.158
2017-02-13,1.4,0.0
2017-02-14,3.5,0.0
2017-02-15,6.7,0.081
2017-02-16,6.2,0.185
2017-02-17,7.0,0.308
2017-02-18,4.8,0.0
2017-02-19,6.1,0.447
2017-02-20,8.7,1.482
2017-02-21,8.8,0.727
2017-02-22,8.9,10.708
2017-02-23,7.9,10.889
2017-02-24,4.8,1.828
2017-02-25,5.5,1.011
2017-02-26,8.5,1.392
2017-02-27,8.8,7.346
2017-02-28,4.7,3.105
2017-03-01,5.9,1.252
2017-03-02,6.4,6.715
2017-03-03,5.8,0.253
2017-03-04,8.9,1.049
2017-03-05,7.1,5.997
2017-03-06,5.8,1.583
2017-03-07,6.6,0.021
2017-03-08,6.2,12.33
2017-03-09,7.2,0.319
2017-03-10,6.4,0.0
2017-03-11,7.9,0.0
2017-03-12,8.8,0.0
2017-03-13,6.3,0.0
2017-03-14,7.9,0.0
2017-03-15,8.9,0.0
2017-03-16,9.5,0.0
2017-03-17,8.1,0.455
2017-03-18,8.9,5.751
2017-03-19,10.9,2.57
2017-03-20,10.2,2.819
2017-03-21,7.6,0.892
2017-03-22,7.1,0.0
2017-03-23,8.0,0.0
2017-03-24,8.4,0.0
2017-03-25,8.4,0.0
2017-03-26,8.1,0.0
2017-03-27,10.1,0.0
2017-03-28,10.6,0.007
2017-03-29,11.8,0.198
2017-03-30,15.5,0.0
2017-03-31,14.5,0.321
2017-04-01,10.4,0.261
2017-04-02,9.9,0.0
2017-04-03,9.0,0.0
2017-04-04,9.8,0.0
2017-04-05,8.8,0.0
2017-04-06,8.0,0.009
2017-04-07,10.3,0.0
2017-04-08,10.2,0.0
2017-04-09,12.0,0.0
2017-04-10,10.2,0.0
2017-04-11,9.2,0.0
2017-04-12,9.9,0.222
2017-04-13,9.2,0.473
2017-04-14,9.4,0.004
2017-04-15,9.8,1.487
2017-04-16,8.0,1.976
2017-04-17,6.9,7.752
2017-04-18,6.4,1.519
2017-04-19,5.0,0.0
2017-04-20,6.3,0.0
2017-04-21,10.9,0.05
2017-04-22,8.2,1.115
2017-04-23,7.1,1.075
2017-04-24,9.0,1.266
2017-04-25,6.4,1.907
2017-04-26,5.7,1.093
2017-04-27,6.0,0.18
2017-04-28,8.1,2.387
2017-04-29,8.2,0.022
2017-04-30,11.8,0.0
2017-05-01,12.2,0.596
2017-05-02,11.2,0.567
2017-05-03,10.6,3.503
2017-05-04,10.6,0.511
2017-05-05,9.5,0.123
2017-05-06,12.1,0.009
2017-05-07,11.3,0.0
2017-05-08,10.1,0.023
2017-05-09,8.3,0.0
2017-05-10,9.1,0.0
2017-05-11,14.6,0.0
2017-05-12,15.6,6.533
2017-05-13,14.5,5.023
2017-05-14,13.7,2.2
2017-05-15,14.2,0.137
2017-05-16,19.8,0.08
2017-05-17,21.8,0.009
2017-05-18,15.9,1.078
2017-05-19,13.5,0.693
2017-05-20,13.2,0.575
2017-05-21,14.2,0.0
2017-05-22,17.6,0.0
2017-05-23,15.9,0.0
2017-05-24,15.3,0.0
2017-05-25,16.3,0.0
2017-05-26,19.7,0.0
2017-05-27,22.6,0.0
2017-05-28,18.8,0.009
2017-05-29,20.3,4.98
2017-05-30,17.3,0.18
2017-05-31,16.8,0.0
2017-06-01,15.9,0.0
2017-06-02,19.5,0.0
2017-06-03,18.2,1.443
2017-06-04,15.8,0.0
2017-06-05,16.2,0.0
2017-06-06,15.0,6.145
2017-06-07,14.2,3.323
2017-06-08,16.2,1.778
2017-06-09,16.3,15.345
2017-06-10,17.6,0.0
2017-06-11,19.5,0.041
2017-06-12,16.3,0.053
2017-06-13,16.7,0.0
2017-06-14,17.2,0.009
2017-06-15,19.7,0.0
2017-06-16,16.4,0.0
2017-06-17,18.3,0.0
2017-06-18,20.3,0.0
2017-06-19,23.6,0.0
2017-06-20,21.2,0.0
2017-06-21,20.1,0.0
2017-06-22,22.2,4.773
2017-06-23,18.5,0.0
2017-06-24,17.9,1.768
2017-06-25,17.5,1.426
2017-06-26,16.6,2.215
2017-06-27,16.9,0.028
2017-06-28,18.1,3.22
2017-06-29,17.4,0.464
2017-06-30,16.5,0.604
2017-07-01,16.2,9.383
2017-07-02,16.2,0.205
2017-07-03,16.6,0.049
2017-07-04,18.0,0.27
2017-07-05,18.9,0.0
2017-07-06,19.7,1.45
2017-07-07,20.3,12.815
2017-07-08,18.6,0.246
2017-07-09,17.2,0.0
2017-07-10,19.2,0.105
2017-07-11,18.2,0.254
2017-07-12,15.7,26.149
2017-07-13,15.3,0.023
2017-07-14,14.9,7.255
2017-07-15,17.2,0.29
2017-07-16,18.2,0.771
2017-07-17,18.1,1.455
2017-07-18,18.8,0.0
2017-07-19,22.8,0.124
2017-07-20,19.9,3.312
2017-07-21,17.8,0.0
2017-07-22,19.7,0.632
2017-07-23,16.6,3.416
2017-07-24,15.7,10.152
2017-07-25,16.7,2.617
2017-07-26,18.4,0.372
2017-07-27,18.3,1.15
2017-07-28,17.8,0.663
2017-07-29,18.3,7.81
2017-07-30,18.6,17.521
2017-07-31,18.1,0.023
2017-08-01,18.1,0.0
2017-08-02,18.3,0.766
2017-08-03,18.9,1.734
2017-08-04,18.7,0.104
2017-08-05,16.9,2.115
2017-08-06,16.4,0.903
2017-08-07,16.3,0.0
2017-08-08,16.4,8.241
2017-08-09,17.0,2.489
2017-08-10,15.9,0.0
2017-08-11,16.7,0.413
2017-08-12,17.3,5.158
2017-08-13,16.4,0.805
2017-08-14,18.2,0.0
2017-08-15,18.3,2.713
2017-08-16,17.3,0.264
2017-08-17,17.5,2.607
2017-08-18,17.6,0.937
2017-08-19,15.8,5.385
2017-08-20,16.1,3.198
2017-08-21,16.3,0.378
2017-08-22,17.9,0.0
2017-08-23,19.2,0.0
2017-08-24,18.8,0.0
2017-08-25,17.6,0.0
2017-08-26,18.3,0.0
2017-08-27,18.2,0.014
2017-08-28,18.8,0.0
2017-08-29,20.2,0.074
2017-08-30,17.5,37.435
2017-08-31,15.2,1.402
2017-09-01,14.3,0.021
2017-09-02,14.3,0.005
2017-09-03,14.0,0.0
2017-09-04,16.5,0.0
2017-09-05,18.5,0.209
2017-09-06,16.3,3.781
2017-09-07,16.1,1.025
2017-09-08,15.2,49.11
2017-09-09,14.4,15.907
2017-09-10,14.1,0.975
2017-09-11,14.5,11.169
2017-09-12,14.9,7.823
2017-09-13,14.6,4.969
2017-09-14,13.0,14.931
2017-09-15,12.5,7.501
2017-09-16,11.9,15.844
2017-09-17,11.7,0.208
2017-09-18,12.5,3.392
2017-09-19,12.6,0.019
2017-09-20,14.0,0.414
2017-09-21,14.7,0.044
2017-09-22,13.1,0.36
2017-09-23,11.5,0.0
2017-09-24,13.0,0.0
2017-09-25,14.3,0.0
2017-09-26,13.9,0.0
2017-09-27,13.8,0.0
2017-09-28,16.1,3.954
2017-09-29,16.7,16.755
2017-09-30,14.1,1.008
2017-10-01,13.6,0.0
2017-10-02,15.8,0.271
2017-10-03,14.0,2.149
2017-10-04,13.7,0.0
2017-10-05,13.4,7.251
2017-10-06,12.1,4.929
2017-10-07,12.7,8.01
2017-10-08,12.9,2.952
2017-10-09,12.3,3.894
2017-10-10,14.3,2.031
2017-10-11,15.0,1.036
2017-10-12,13.9,1.847
2017-10-13,14.8,0.0
2017-10-14,15.8,0.0
2017-10-15,16.0,0.013
2017-10-16,18.4,0.0
2017-10-17,14.0,0.0
2017-10-18,13.7,0.0
2017-10-19,15.7,0.0
2017-10-20,14.4,10.684
2017-10-21,13.0,1.362
2017-10-22,11.4,10.481
2017-10-23,12.7,2.152
2017-10-24,15.0,0.541
2017-10-25,14.7,0.19
2017-10-26,13.8,0.0
2017-10-27,12.1,0.971
2017-10-28,12.5,0.107
2017-10-29,11.3,0.856
2017-10-30,8.5,0.668
2017-10-31,10.7,0.157
2017-11-01,11.9,0.023
2017-11-02,10.4,0.0
2017-11-03,9.5,0.065
2017-11-04,10.9,1.985
2017-11-05,8.2,2.765
2017-11-06,6.3,1.111
2017-11-07,4.2,0.0
2017-11-08,5.6,0.07
2017-11-09,8.7,0.35
2017-11-10,9.7,2.661
2017-11-11,7.9,1.476
2017-11-12,5.9,3.944
2017-11-13,7.2,2.639
2017-11-14,8.1,0.125
2017-11-15,10.0,2.703
2017-11-16,10.0,0.963
2017-11-17,6.4,0.374
2017-11-18,7.7,4.604
2017-11-19,7.3,1.819
2017-11-20,8.1,9.711
2017-11-21,11.8,2.13
2017-11-22,11.4,0.728
2017-11-23,11.0,1.528
2017-11-24,7.3,3.583
2017-11-25,4.3,0.492
2017-11-26,6.0,3.333
2017-11-27,7.6,12.02
2017-11-28,6.1,5.363
2017-11-29,3.2,1.264
2017-11-30,2.3,2.541
2017-12-01,0.5,0.062
2017-12-02,-0.4,0.029
2017-12-03,5.1,2.281
2017-12-04,7.4,0.943
2017-12-05,8.1,0.0
2017-12-06,8.7,0.0
2017-12-07,6.5,7.196
2017-12-08,3.7,10.476
2017-12-09,3.4,10.983
2017-12-10,0.9,12.534
2017-12-11,0.2,5.484
2017-12-12,2.2,2.464
2017-12-13,3.6,4.018
2017-12-14,4.1,12.166
2017-12-15,2.6,0.987
2017-12-16,3.0,2.24
2017-12-17,3.0,1.048
2017-12-18,6.2,5.473
2017-12-19,5.3,0.0
2017-12-20,7.6,0.145
2017-12-21,8.2,0.215
2017-12-22,8.0,1.056
2017-12-23,8.5,0.126
2017-12-24,8.3,0.25
2017-12-25,8.2,0.053
2017-12-26,5.9,1.58
2017-12-27,5.4,4.185
2017-12-28,4.5,2.441
2017-12-29,3.2,4.431
2017-12-30,8.3,4.157
2017-12-31,10.4,14.927
2018-01-01,7.1,15.462
2018-01-02,6.4,1.344
2018-01-03,8.7,12.952
2018-01-04,8.2,0.495
2018-01-05,6.4,4.032
2018-01-06,5.0,0.035
2018-01-07,1.7,0.0
2018-01-08,0.8,0.0
2018-01-09,2.5,0.0
2018-01-10,6.6,0.579
2018-01-11,6.1,0.0
2018-01-12,5.0,0.023
2018-01-13,4.5,0.0
2018-01-14,3.0,0.0
2018-01-15,5.0,12.57
2018-01-16,5.9,3.667
2018-01-17,4.7,1.912
2018-01-18,5.0,6.879
2018-01-19,4.0,5.47
2018-01-20,2.4,3.753
2018-01-21,3.5,1.743
2018-01-22,5.8,1.621
2018-01-23,7.6,0.904
2018-01-24,11.0,2.936
2018-01-25,7.5,3.615
2018-01-26,5.3,0.493
2018-01-27,5.2,0.327
2018-01-28,9.3,0.36
2018-01-29,9.1,3.314
2018-01-30,4.6,0.0
2018-01-31,6.5,2.605
2018-02-01,4.3,2.377
2018-02-02,4.7,3.35
2018-02-03,2.4,1.146
2018-02-04,2.0,0.05
2018-02-05,1.6,0.0
2018-02-06,-1.5,0.0
2018-02-07,-1.7,0.056
2018-02-08,1.3,0.054
2018-02-09,0.7,0.23
2018-02-10,3.0,0.302
2018-02-11,4.7,2.123
2018-02-12,3.2,0.907
2018-02-13,2.3,0.0
2018-02-14,2.0,0.014
2018-02-15,4.3,1.627
2018-02-16,4.0,0.0
2018-02-17,2.0,0.0
2018-02-18,1.9,0.0
2018-02-19,1.9,0.089
2018-02-20,1.0,0.004
2018-02-21,0.7,0.0
2018-02-22,0.6,0.0
2018-02-23,-0.1,0.0
2018-02-24,-0.2,0.0
2018-02-25,-1.7,0.0
2018-02-26,-2.8,0.042
2018-02-27,-3.0,0.079
2018-02-28,-6.3,0.076
2018-03-01,-5.0,0.0
2018-03-02,-3.8,0.322
2018-03-03,-2.1,0.074
2018-03-04,4.0,0.686
2018-03-05,6.6,1.587
2018-03-06,5.5,0.0
2018-03-07,5.9,0.739
2018-03-08,4.7,6.661
2018-03-09,6.3,0.419
2018-03-10,10.8,4.829
2018-03-11,9.6,3.719
2018-03-12,10.0,0.623
2018-03-13,5.8,4.119
2018-03-14,5.8,0.062
2018-03-15,6.7,0.358
2018-03-16,4.2,1.372
2018-03-17,-0.9,0.009
2018-03-18,-0.7,0.0
2018-03-19,-0.2,0.0
2018-03-20,3.6,0.261
2018-03-21,2.7,0.0
2018-03-22,6.2,2.407
2018-03-23,6.3,0.0
2018-03-24,6.5,0.0
2018-03-25,5.4,0.0
2018-03-26,4.6,0.105
2018-03-27,5.3,0.427
2018-03-28,6.0,10.105
2018-03-29,6.2,0.344
2018-03-30,8.8,1.054
2018-03-31,7.3,3.202
2018-04-01,5.5,4.46
2018-04-02,6.7,1.443
2018-04-03,12.1,2.597
2018-04-04,10.0,12.239
2018-04-05,6.8,1.825
2018-04-06,8.2,0.0
2018-04-07,13.8,0.0
2018-04-08,13.7,0.0
2018-04-09,11.0,0.31
2018-04-10,14.4,0.0
2018-04-11,12.8,0.367
2018-04-12,10.5,1.258
2018-04-13,9.9,0.004
2018-04-14,10.5,0.0
2018-04-15,12.3,4.183
2018-04-16,11.6,0.079
2018-04-17,12.8,0.0
2018-04-18,16.1,0.0
2018-04-19,19.8,0.0
2018-04-20,16.9,0.0
2018-04-21,14.4,0.0
2018-04-22,17.0,0.0
2018-04-23,12.5,0.0
2018-04-24,11.9,0.466
2018-04-25,11.3,1.357
2018-04-26,10.2,1.131
2018-04-27,10.2,0.036
2018-04-28,11.5,0.633
2018-04-29,9.6,3.851
2018-04-30,9.3,31.305
2018-05-01,8.3,9.085
2018-05-02,10.7,0.378
2018-05-03,10.3,0.489
2018-05-04,11.2,0.0
2018-05-05,14.4,0.0
2018-05-06,17.3,0.0
2018-05-07,19.0,0.0
2018-05-08,19.6,0.0
2018-05-09,16.6,0.0
2018-05-10,12.2,1.333
2018-05-11,12.2,0.0
2018-05-12,17.2,0.0
2018-05-13,13.6,1.681
2018-05-14,17.0,0.115
2018-05-15,19.1,0.0
2018-05-16,14.7,0.055
2018-05-17,10.8,0.0
2018-05-18,10.1,0.0
2018-05-19,11.0,0.0
2018-05-20,15.0,0.0
2018-05-21,18.6,0.0
2018-05-22,18.2,0.353
2018-05-23,18.7,1.004
2018-05-24,19.0,0.089
2018-05-25,20.2,1.815
2018-05-26,21.8,0.0
2018-05-27,21.4,0.224
2018-05-28,22.7,0.193
2018-05-29,22.5,3.355
2018-05-30,19.8,5.85
2018-05-31,19.8,8.318
2018-06-01,16.6,1.554
2018-06-02,15.9,2.249
2018-06-03,18.2,0.0
2018-06-04,17.3,0.0
2018-06-05,16.2,0.0
2018-06-06,18.4,0.0
2018-06-07,20.8,0.0
2018-06-08,17.6,1.103
2018-06-09,18.9,0.026
2018-06-10,17.8,0.0
2018-06-11,16.6,0.0
2018-06-12,15.2,0.014
2018-06-13,15.1,0.06
2018-06-14,15.9,1.0
2018-06-15,17.6,0.009
2018-06-16,17.1,0.005
2018-06-17,16.2,0.004
2018-06-18,16.4,1.406
2018-06-19,18.1,0.0
2018-06-20,18.3,0.0
2018-06-21,14.6,0.053
2018-06-22,13.3,0.224
2018-06-23,14.3,0.0
2018-06-24,14.3,0.0
2018-06-25,16.1,0.0
2018-06-26,15.4,0.0
2018-06-27,16.8,0.0
2018-06-28,20.8,0.0
2018-06-29,18.9,0.0
2018-06-30,20.6,0.0
2018-07-01,21.6,0.0
2018-07-02,20.6,0.0
2018-07-03,19.1,0.0
2018-07-04,18.4,0.0
2018-07-05,17.4,0.0
2018-07-06,19.1,0.0
2018-07-07,18.4,0.0
2018-07-08,18.5,0.0
2018-07-09,17.2,0.0
2018-07-10,16.4,0.357
2018-07-11,17.3,0.0
2018-07-12,18.2,0.0
2018-07-13,17.5,0.0
2018-07-14,18.1,0.0
2018-07-15,20.4,0.0
2018-07-16,22.6,0.009
2018-07-17,20.1,0.161
2018-07-18,19.0,0.0
2018-07-19,19.7,0.0
2018-07-20,19.5,0.0
2018-07-21,20.6,0.0
2018-07-22,20.0,0.0
2018-07-23,21.8,0.0
2018-07-24,23.7,0.0
2018-07-25,24.2,0.074
2018-07-26,27.1,0.0
2018-07-27,29.6,0.0
2018-07-28,21.6,3.079
2018-07-29,20.6,0.054
2018-07-30,23.5,0.028
2018-07-31,20.4,2.674
2018-08-01,19.5,0.0
2018-08-02,21.7,0.0
2018-08-03,23.0,0.0
2018-08-04,22.2,0.0
2018-08-05,20.4,0.0
2018-08-06,22.7,0.0
2018-08-07,25.4,0.0
2018-08-08,20.9,5.34
2018-08-09,17.7,5.355
2018-08-10,16.3,9.465
2018-08-11,16.0,10.921
2018-08-12,19.4,0.027
2018-08-13,19.1,3.444
2018-08-14,19.0,1.085
2018-08-15,19.7,0.0
2018-08-16,18.5,0.009
2018-08-17,18.1,1.135
2018-08-18,17.9,0.0
2018-08-19,19.1,0.0
2018-08-20,19.9,0.018
2018-08-21,20.0,0.0
2018-08-22,19.9,0.0
2018-08-23,18.7,0.915
2018-08-24,15.8,5.595
2018-08-25,13.0,21.064
2018-08-26,14.1,0.289
2018-08-27,17.2,1.414
2018-08-28,17.7,0.0
2018-08-29,14.9,3.715
2018-08-30,15.8,0.836
2018-08-31,13.8,0.11
2018-09-01,14.1,0.0
2018-09-02,15.8,0.0
2018-09-03,18.2,0.183
2018-09-04,20.4,0.079
2018-09-05,18.2,32.548
2018-09-06,16.9,9.652
2018-09-07,14.8,10.955
2018-09-08,15.1,1.347
2018-09-09,17.9,0.076
2018-09-10,17.4,0.0
2018-09-11,18.2,0.0
2018-09-12,15.5,3.572
2018-09-13,13.1,1.917
2018-09-14,13.7,0.941
2018-09-15,16.1,0.282
2018-09-16,15.6,0.0
2018-09-17,16.5,0.0
2018-09-18,18.6,0.0
2018-09-19,18.6,0.0
2018-09-20,19.1,0.0
2018-09-21,16.3,4.112
2018-09-22,13.2,7.781
2018-09-23,10.5,16.875
2018-09-24,11.1,1.157
2018-09-25,10.8,1.866
2018-09-26,12.8,0.0
2018-09-27,15.0,0.0
2018-09-28,12.9,0.0
2018-09-29,9.7,0.0
2018-09-30,10.6,0.0
2018-10-01,10.2,1.875
2018-10-02,12.0,4.617
2018-10-03,12.9,0.0
2018-10-04,14.8,0.035
2018-10-05,13.7,0.0
2018-10-06,13.4,0.33
2018-10-07,11.2,0.581
2018-10-08,11.0,0.0
2018-10-09,12.7,0.0
2018-10-10,14.7,0.0
2018-10-11,17.3,0.0
2018-10-12,18.2,0.162
2018-10-13,20.1,0.0
2018-10-14,18.6,0.0
2018-10-15,17.2,0.0
2018-10-16,16.2,0.0
2018-10-17,14.6,0.0
2018-10-18,12.7,0.0
2018-10-19,9.4,0.0
2018-10-20,9.7,0.0
2018-10-21,12.9,0.0
2018-10-22,12.1,0.109
2018-10-23,12.7,0.0
2018-10-24,14.2,0.492
2018-10-25,12.5,0.771
2018-10-26,10.6,2.587
2018-10-27,7.4,7.117
2018-10-28,5.0,0.0
2018-10-29,5.0,0.0
2018-10-30,5.8,18.067
2018-10-31,8.6,3.179
2018-11-01,10.2,2.716
2018-11-02,9.0,3.082
2018-11-03,5.7,0.132
2018-11-04,6.2,0.0
2018-11-05,7.7,0.0
2018-11-06,11.8,0.062
2018-11-07,11.4,0.54
2018-11-08,9.7,0.0
2018-11-09,9.0,0.0
2018-11-10,11.5,1.889
2018-11-11,11.2,3.364
2018-11-12,10.2,1.585
2018-11-13,10.4,0.016
2018-11-14,9.0,0.0
2018-11-15,7.6,0.0
2018-11-16,3.5,0.0
2018-11-17,4.6,0.0
2018-11-18,3.4,0.0
2018-11-19,5.4,0.13
2018-11-20,3.7,0.0
2018-11-21,3.5,0.051
2018-11-22,3.4,0.0
2018-11-23,3.3,0.0
2018-11-24,2.5,0.0
2018-11-25,3.5,0.0
2018-11-26,4.7,0.0
2018-11-27,3.3,0.0
2018-11-28,5.9,0.628
2018-11-29,10.3,5.571
2018-11-30,9.6,0.0
2018-12-01,7.4,0.852
2018-12-02,12.0,2.565
2018-12-03,11.6,2.015
2018-12-04,5.7,1.449
2018-12-05,5.5,1.224
2018-12-06,11.0,0.598
2018-12-07,10.6,10.513
2018-12-08,9.5,3.017
2018-12-09,8.4,9.314
2018-12-10,6.1,1.665
2018-12-11,4.9,0.629
2018-12-12,2.0,0.014
2018-12-13,1.6,0.0
2018-12-14,1.4,0.0
2018-12-15,0.7,0.0
2018-12-16,1.5,1.397
2018-12-17,5.3,3.608
2018-12-18,6.4,0.0
2018-12-19,7.2,0.644
2018-12-20,7.5,0.923
2018-12-21,9.5,13.45
2018-12-22,9.1,9.211
2018-12-23,7.1,6.497
2018-12-24,6.5,1.596
2018-12-25,6.1,0.0
2018-12-26,5.5,0.009
2018-12-27,3.3,0.0
2018-12-28,5.0,0.0
2018-12-29,8.6,0.157
2018-12-30,8.6,0.152
2018-12-31,9.1,0.073
2019-01-01,7.9,0.509
2019-01-02,5.8,0.102
2019-01-03,3.5,0.165
2019-01-04,5.1,0.091
2019-01-05,7.2,0.126
2019-01-06,6.3,0.005
2019-01-07,7.3,0.698
2019-01-08,7.5,0.913
2019-01-09,5.0,0.84
2019-01-10,3.1,0.938
2019-01-11,7.2,1.654
2019-01-12,7.7,1.98
2019-01-13,8.9,3.9
2019-01-14,5.3,2.98
2019-01-15,6.5,0.0
2019-01-16,6.7,3.533
2019-01-17,3.9,2.622
2019-01-18,0.6,0.058
2019-01-19,-0.6,0.0
2019-01-20,-1.7,0.0
2019-01-21,-1.3,0.0
2019-01-22,-1.1,0.922
2019-01-23,-0.6,0.0
2019-01-24,-1.2,0.0
2019-01-25,0.9,1.717
2019-01-26,7.5,1.683
2019-01-27,6.1,9.661
2019-01-28,4.5,2.413
2019-01-29,1.9,0.159
2019-01-30,0.9,2.467
2019-01-31,-0.4,0.904
2019-02-01,0.6,0.751
2019-02-02,2.2,1.107
2019-02-03,2.1,0.009
2019-02-04,2.0,2.441
2019-02-05,4.5,0.28
2019-02-06,5.0,6.994
2019-02-07,7.7,5.09
2019-02-08,7.7,1.757
2019-02-09,8.4,0.29
2019-02-10,6.4,13.95
2019-02-11,5.4,1.296
2019-02-12,5.4,0.0
2019-02-13,6.6,0.0
2019-02-14,5.2,0.0
2019-02-15,7.3,0.0
2019-02-16,6.7,0.0
2019-02-17,7.6,0.0
2019-02-18,7.7,0.703
2019-02-19,7.1,0.324
2019-02-20,7.6,0.0
2019-02-21,7.6,1.624
2019-02-22,8.9,0.0
2019-02-23,7.7,0.0
2019-02-24,6.8,0.0
2019-02-25,8.0,0.0
2019-02-26,8.8,0.0
2019-02-27,9.3,0.0
2019-02-28,7.1,1.123
2019-03-01,6.3,0.429
2019-03-02,7.8,0.087
2019-03-03,10.7,6.76
2019-03-04,8.7,2.296
2019-03-05,7.2,0.346
2019-03-06,9.2,3.018
2019-03-07,9.2,14.636
2019-03-08,7.6,1.986
2019-03-09,8.4,3.973
2019-03-10,5.7,11.953
2019-03-11,5.6,2.828
2019-03-12,6.4,1.894
2019-03-13,7.5,2.579
2019-03-14,8.1,9.479
2019-03-15,9.0,2.863
2019-03-16,9.4,4.476
2019-03-17,7.3,5.875
2019-03-18,5.8,1.187
2019-03-19,5.0,0.0
2019-03-20,9.3,0.198
2019-03-21,8.2,0.0
2019-03-22,8.8,0.0
2019-03-23,8.0,0.0
2019-03-24,5.2,0.0
2019-03-25,7.6,0.877
2019-03-26,7.3,0.0
2019-03-27,8.8,0.0
2019-03-28,8.5,0.262
2019-03-29,8.8,0.0
2019-03-30,10.1,0.0
2019-03-31,8.6,0.006
2019-04-01,7.5,0.0
2019-04-02,9.5,4.36
2019-04-03,6.5,5.872
2019-04-04,6.0,0.053
2019-04-05,7.4,0.0
2019-04-06,9.7,0.0
2019-04-07,14.4,0.027
2019-04-08,13.8,0.004
2019-04-09,9.5,0.0
2019-04-10,6.4,0.0
2019-04-11,6.0,0.0
2019-04-12,6.0,0.123
2019-04-13,3.7,0.049
2019-04-14,5.3,0.018
2019-04-15,9.7,0.0
2019-04-16,11.7,0.0
2019-04-17,12.5,0.0
2019-04-18,15.7,0.0
2019-04-19,16.3,0.0
2019-04-20,16.6,0.0
2019-04-21,14.9,0.0
2019-04-22,16.8,0.0
2019-04-23,16.1,0.0
2019-04-24,17.4,1.923
2019-04-25,12.6,4.397
2019-04-26,12.1,0.005
2019-04-27,10.5,2.378
2019-04-28,9.4,2.119
2019-04-29,10.0,0.044
2019-04-30,10.5,0.0
2019-05-01,9.2,0.0
2019-05-02,9.3,0.525
2019-05-03,8.0,1.295
2019-05-04,6.3,1.257
2019-05-05,7.3,1.089
2019-05-06,7.5,0.305
2019-05-07,8.5,0.094
2019-05-08,10.1,1.61
2019-05-09,11.7,0.766
2019-05-10,10.4,9.43
2019-05-11,9.4,0.0
2019-05-12,9.3,0.163
2019-05-13,9.2,0.0
2019-05-14,10.7,0.0
2019-05-15,12.0,0.0
2019-05-16,11.8,0.0
2019-05-17,12.5,0.009
2019-05-18,14.0,0.014
2019-05-19,14.1,0.033
2019-05-20,12.5,0.0
2019-05-21,11.6,0.0
2019-05-22,13.2,0.0
2019-05-23,14.6,0.0
2019-05-24,14.2,0.0
2019-05-25,12.9,0.0
2019-05-26,15.2,4.332
2019-05-27,14.2,2.47
2019-05-28,12.0,1.845
2019-05-29,12.2,0.0
2019-05-30,16.2,0.857
2019-05-31,17.3,0.047
2019-06-01,17.8,0.0
2019-06-02,22.6,0.421
2019-06-03,17.0,0.352
2019-06-04,17.4,9.457
2019-06-05,16.1,4.479
2019-06-06,14.3,29.772
2019-06-07,15.0,2.195
2019-06-08,14.3,3.86
2019-06-09,15.1,0.0
2019-06-10,17.2,1.392
2019-06-11,15.3,1.418
2019-06-12,13.5,13.668
2019-06-13,13.7,2.928
2019-06-14,15.8,1.404
2019-06-15,15.7,23.594
2019-06-16,16.5,0.069
2019-06-17,18.5,0.0
2019-06-18,19.3,0.0
2019-06-19,18.9,8.317
2019-06-20,16.8,0.302
2019-06-21,15.8,0.06
2019-06-22,16.2,0.0
2019-06-23,21.5,0.0
2019-06-24,25.4,0.0
2019-06-25,25.6,0.0
2019-06-26,18.8,0.0
2019-06-27,16.4,0.0
2019-06-28,17.7,0.0
2019-06-29,22.8,0.0
2019-06-30,20.7,0.0
2019-07-01,17.9,0.0
2019-07-02,17.3,0.0
2019-07-03,15.1,0.0
2019-07-04,15.5,0.0
2019-07-05,18.1,0.0
2019-07-06,16.3,1.055
2019-07-07,14.5,0.03
2019-07-08,14.1,0.578
2019-07-09,14.8,0.0
2019-07-10,14.7,3.467
2019-07-11,18.3,2.17
2019-07-12,17.0,7.848
2019-07-13,16.8,1.134
2019-07-14,15.4,0.784
2019-07-15,15.1,0.0
2019-07-16,15.9,0.0
2019-07-17,17.1,0.0
2019-07-18,18.9,2.721
2019-07-19,18.6,0.088
2019-07-20,19.2,5.933
2019-07-21,18.9,0.0
2019-07-22,20.3,0.0
2019-07-23,23.4,0.0
2019-07-24,26.0,0.0
2019-07-25,27.2,0.0
2019-07-26,28.1,0.081
2019-07-27,22.3,0.366
2019-07-28,19.6,0.042
2019-07-29,19.7,0.0
2019-07-30,21.6,0.0
2019-07-31,18.4,14.347
2019-08-01,18.3,2.583
2019-08-02,18.7,6.801
2019-08-03,18.2,0.0
2019-08-04,18.7,0.0
2019-08-05,20.4,0.004
2019-08-06,19.3,0.0
2019-08-07,19.1,0.842
2019-08-08,19.3,0.021
2019-08-09,18.9,2.082
2019-08-10,20.2,2.42
2019-08-11,18.5,0.05
2019-08-12,16.4,5.825
2019-08-13,14.9,8.299
2019-08-14,15.7,4.181
2019-08-15,17.6,11.765
2019-08-16,17.2,0.185
2019-08-17,18.2,4.598
2019-08-18,17.1,0.638
2019-08-19,17.2,1.813
2019-08-20,16.5,1.346
2019-08-21,16.0,0.0
2019-08-22,16.8,0.0
2019-08-23,18.3,0.0
2019-08-24,21.1,0.0
2019-08-25,22.3,0.0
2019-08-26,23.4,0.0
2019-08-27,24.7,0.0
2019-08-28,21.9,0.179
2019-08-29,19.1,0.054
2019-08-30,17.1,0.0
2019-08-31,19.8,0.379
2019-09-01,16.8,0.936
2019-09-02,15.6,0.535
2019-09-03,17.3,0.066
2019-09-04,15.5,4.42
2019-09-05,14.5,1.333
2019-09-06,14.1,5.182
2019-09-07,14.6,3.433
2019-09-08,13.8,0.692
2019-09-09,12.9,0.502
2019-09-10,13.7,0.014
2019-09-11,15.4,7.206
2019-09-12,18.0,0.084
2019-09-13,17.5,0.094
2019-09-14,14.2,0.0
2019-09-15,15.5,0.0
2019-09-16,14.1,6.268
2019-09-17,13.2,0.0
2019-09-18,12.8,0.1
2019-09-19,13.0,0.069
2019-09-20,12.6,0.0
2019-09-21,15.7,0.0
2019-09-22,18.4,4.028
2019-09-23,16.5,1.043
2019-09-24,15.4,3.538
2019-09-25,15.4,4.376
2019-09-26,16.3,10.308
2019-09-27,15.6,6.97
2019-09-28,15.7,7.635
2019-09-29,15.3,19.619
2019-09-30,14.7,8.518
2019-10-01,15.3,28.338
2019-10-02,11.0,3.009
2019-10-03,11.6,2.741
2019-10-04,10.7,9.839
2019-10-05,9.4,0.0
2019-10-06,9.4,11.275
2019-10-07,9.5,0.08
2019-10-08,13.7,3.757
2019-10-09,11.9,19.202
2019-10-10,12.6,4.14
2019-10-11,14.5,3.868
2019-10-12,12.6,7.84
2019-10-13,15.4,4.117
2019-10-14,13.9,1.607
2019-10-15,15.4,0.611
2019-10-16,13.1,5.389
2019-10-17,13.2,2.184
2019-10-18,12.5,2.988
2019-10-19,11.9,0.175
2019-10-20,11.1,0.584
2019-10-21,12.0,9.634
2019-10-22,11.7,0.926
2019-10-23,10.4,0.004
2019-10-24,14.4,0.503
2019-10-25,13.5,0.822
2019-10-26,16.2,0.701
2019-10-27,10.4,2.338
2019-10-28,8.2,0.542
2019-10-29,7.0,0.018
2019-10-30,5.3,0.0
2019-10-31,4.3,0.0
2019-11-01,7.0,1.578
2019-11-02,13.0,4.532
2019-11-03,10.5,4.96
2019-11-04,10.2,0.333
2019-11-05,9.6,2.988
2019-11-06,8.4,0.26
2019-11-07,7.7,4.269
2019-11-08,5.8,3.221
2019-11-09,7.1,8.25
2019-11-10,3.6,0.0
2019-11-11,5.3,9.153
2019-11-12,5.3,17.182
2019-11-13,6.5,9.625
2019-11-14,5.7,0.028
2019-11-15,4.6,0.0
2019-11-16,4.5,0.0
2019-11-17,4.7,0.0
2019-11-18,6.6,5.384
2019-11-19,5.4,2.914
2019-11-20,2.0,0.071
2019-11-21,2.8,0.0
2019-11-22,6.4,0.097
2019-11-23,5.9,0.0
2019-11-24,5.9,0.0
2019-11-25,7.3,0.0
2019-11-26,9.5,1.53
2019-11-27,10.3,6.714
2019-11-28,9.7,16.534
2019-11-29,5.9,0.586
2019-11-30,3.3,0.396
2019-12-01,1.4,0.071
2019-12-02,5.1,2.677
2019-12-03,6.0,0.018
2019-12-04,3.4,0.0
2019-12-05,2.1,0.041
2019-12-06,7.1,9.973
2019-12-07,9.5,0.87
2019-12-08,9.5,2.945
2019-12-09,6.9,7.867
2019-12-10,5.1,0.293
2019-12-11,6.5,2.748
2019-12-12,4.5,0.588
2019-12-13,5.2,4.235
2019-12-14,6.4,7.39
2019-12-15,7.1,1.789
2019-12-16,6.7,1.924
2019-12-17,9.1,2.126
2019-12-18,6.8,0.339
2019-12-19,10.4,0.666
2019-12-20,10.5,1.024
2019-12-21,7.3,0.258
2019-12-22,7.9,4.543
2019-12-23,8.4,0.635
2019-12-24,8.0,7.24
2019-12-25,7.8,1.685
2019-12-26,5.9,0.227
2019-12-27,4.0,0.551
2019-12-28,0.8,0.0
2019-12-29,1.7,0.0
2019-12-30,4.7,0.0
2019-12-31,5.0,0.0
2020-01-01,1.9,0.0
2020-01-02,3.7,0.0
2020-01-03,7.8,3.21
2020-01-04,7.0,0.631
2020-01-05,7.1,0.032
2020-01-06,6.1,0.075
2020-01-07,6.8,0.676
2020-01-08,10.2,1.145
2020-01-09,11.1,3.719
2020-01-10,7.1,1.093
2020-01-11,6.2,0.0
2020-01-12,7.7,1.295
2020-01-13,7.2,0.049
2020-01-14,10.3,6.434
2020-01-15,9.9,3.226
2020-01-16,7.2,0.0
2020-01-17,8.5,0.654
2020-01-18,5.3,3.299
2020-01-19,4.9,0.326
2020-01-20,4.0,0.0
2020-01-21,2.6,0.0
2020-01-22,5.6,0.607
2020-01-23,5.7,0.143
2020-01-24,3.2,0.0
2020-01-25,2.8,0.022
2020-01-26,5.0,0.159
2020-01-27,8.1,7.399
2020-01-28,5.7,9.579
2020-01-29,6.1,0.757
2020-01-30,8.4,0.572
2020-01-31,10.2,0.071
2020-02-01,10.4,1.645
2020-02-02,8.6,6.172
2020-02-03,9.2,0.503
2020-02-04,5.8,3.419
2020-02-05,4.7,0.0
2020-02-06,5.4,0.0
2020-02-07,4.6,0.0
2020-02-08,6.6,0.769
2020-02-09,9.3,9.768
2020-02-10,8.0,4.109
2020-02-11,6.2,0.777
2020-02-12,5.6,0.074
2020-02-13,5.5,10.336
2020-02-14,7.2,0.25
2020-02-15,10.2,0.083
2020-02-16,11.6,17.507
2020-02-17,8.0,2.713
2020-02-18,7.8,0.57
2020-02-19,6.3,4.623
2020-02-20,8.1,8.315
2020-02-21,7.3,0.189
2020-02-22,9.3,2.601
2020-02-23,8.5,26.133
2020-02-24,7.2,10.388
2020-02-25,6.8,2.911
2020-02-26,4.1,7.012
2020-02-27,3.1,6.128
2020-02-28,4.6,9.465
2020-02-29,8.8,3.649
2020-03-01,6.2,0.413
2020-03-02,5.3,5.161
2020-03-03,4.6,0.758
2020-03-04,6.2,0.96
2020-03-05,5.7,5.186
2020-03-06,6.6,3.774
2020-03-07,6.5,0.0
2020-03-08,8.9,6.824
2020-03-09,7.9,0.982
2020-03-10,10.0,11.932
2020-03-11,10.5,4.547
2020-03-12,8.7,1.13
2020-03-13,7.1,2.182
2020-03-14,6.6,0.167
2020-03-15,9.4,0.014
2020-03-16,7.7,0.0
2020-03-17,8.0,0.0
2020-03-18,9.7,0.0
2020-03-19,8.3,0.032
2020-03-20,7.0,0.0
2020-03-21,5.2,0.0
2020-03-22,4.9,0.0
2020-03-23,4.9,0.0
2020-03-24,5.9,0.0
2020-03-25,6.1,0.007
2020-03-26,6.4,0.0
2020-03-27,7.8,0.0
2020-03-28,7.5,0.0
2020-03-29,5.0,0.085
2020-03-30,3.9,1.085
2020-03-31,4.5,0.013
2020-04-01,3.8,0.0
2020-04-02,7.4,0.115
2020-04-03,7.0,1.534
2020-04-04,8.2,0.0
2020-04-05,12.5,0.0
2020-04-06,13.7,0.095
2020-04-07,11.6,0.967
2020-04-08,14.3,0.0
2020-04-09,12.8,0.0
2020-04-10,10.5,0.0
2020-04-11,12.7,0.0
2020-04-12,13.1,0.007
2020-04-13,8.0,0.014
2020-04-14,6.5,0.037
2020-04-15,7.5,0.0
2020-04-16,11.9,0.0
2020-04-17,10.2,0.0
2020-04-18,10.8,0.435
2020-04-19,12.2,0.0
2020-04-20,12.3,0.0
2020-04-21,13.6,0.0
2020-04-22,15.0,0.0
2020-04-23,15.3,0.0
2020-04-24,12.0,0.0
2020-04-25,9.4,0.0
2020-04-26,8.6,0.0
2020-04-27,11.6,0.0
2020-04-28,9.0,2.973
2020-04-29,10.6,4.082
2020-04-30,11.3,2.701
2020-05-01,10.4,7.063
2020-05-02,10.6,1.802
2020-05-03,11.0,0.394
2020-05-04,11.1,0.329
2020-05-05,8.9,0.0
2020-05-06,10.5,0.0
2020-05-07,11.6,0.0
2020-05-08,14.3,0.018
2020-05-09,16.9,0.028
2020-05-10,13.4,0.0
2020-05-11,8.6,0.042
2020-05-12,7.8,0.272
2020-05-13,7.7,0.636
2020-05-14,7.3,0.053
2020-05-15,8.5,0.0
2020-05-16,10.6,0.0
2020-05-17,12.4,0.0
2020-05-18,14.0,0.0
2020-05-19,15.3,0.0
2020-05-20,16.6,0.0
2020-05-21,18.9,0.0
2020-05-22,18.6,0.063
2020-05-23,15.0,0.0
2020-05-24,13.5,2.59
2020-05-25,15.3,0.051
2020-05-26,15.4,0.0
2020-05-27,15.2,0.0
2020-05-28,14.4,0.0
2020-05-29,14.5,0.0
2020-05-30,17.3,0.0
2020-05-31,17.2,0.0
2020-06-01,18.1,0.0
2020-06-02,19.1,0.0
2020-06-03,16.4,0.0
2020-06-04,12.9,1.94
2020-06-05,10.4,8.683
2020-06-06,11.3,4.181
2020-06-07,12.3,13.124
2020-06-08,13.7,0.579
2020-06-09,12.7,0.009
2020-06-10,13.4,0.037
2020-06-11,15.6,4.638
2020-06-12,19.3,0.134
2020-06-13,19.5,13.083
2020-06-14,18.0,0.101
2020-06-15,18.1,0.009
2020-06-16,18.0,2.905
2020-06-17,19.3,2.371
2020-06-18,17.8,8.841
2020-06-19,17.3,1.296
2020-06-20,16.8,0.0
2020-06-21,18.0,0.062
2020-06-22,17.3,0.0
2020-06-23,18.8,0.0
2020-06-24,23.1,0.0
2020-06-25,23.9,0.0
2020-06-26,24.8,0.122
2020-06-27,19.9,12.098
2020-06-28,17.7,0.71
2020-06-29,16.0,0.0
2020-06-30,15.9,8.776
2020-07-01,17.7,1.409
2020-07-02,17.4,1.039
2020-07-03,17.2,0.0
2020-07-04,16.5,7.264
2020-07-05,18.0,1.49
2020-07-06,15.4,1.983
2020-07-07,14.4,2.358
2020-07-08,14.2,5.698
2020-07-09,16.3,14.59
2020-07-10,15.2,4.091
2020-07-11,14.5,0.145
2020-07-12,14.9,0.042
2020-07-13,16.9,0.0
2020-07-14,16.7,1.815
2020-07-15,16.0,0.0
2020-07-16,16.5,2.925
2020-07-17,18.2,0.185
2020-07-18,18.5,0.0
2020-07-19,17.3,1.195
2020-07-20,15.8,0.484
2020-07-21,15.1,0.0
2020-07-22,15.1,0.0
2020-07-23,17.8,0.0
2020-07-24,18.4,0.075
2020-07-25,18.1,6.173
2020-07-26,18.4,11.382
2020-07-27,17.9,2.469
2020-07-28,17.8,0.206
2020-07-29,16.4,0.009
2020-07-30,17.9,0.0
2020-07-31,23.3,0.0
2020-08-01,21.3,0.292
2020-08-02,17.7,0.0
2020-08-03,15.6,4.172
2020-08-04,16.5,0.019
2020-08-05,20.2,0.0
2020-08-06,21.6,0.0
2020-08-07,25.4,0.0
2020-08-08,26.0,0.0
2020-08-09,25.9,0.0
2020-08-10,25.8,0.0
2020-08-11,26.2,0.0
2020-08-12,26.5,0.45
2020-08-13,25.6,0.007
2020-08-14,23.1,0.87
2020-08-15,22.3,1.212
2020-08-16,23.0,9.858
2020-08-17,19.1,14.589
2020-08-18,19.1,0.491
2020-08-19,21.0,0.212
2020-08-20,22.9,0.673
2020-08-21,23.5,0.953
2020-08-22,19.6,2.839
2020-08-23,17.9,5.106
2020-08-24,17.4,5.338
2020-08-25,16.6,3.401
2020-08-26,17.1,5.067
2020-08-27,15.9,0.903
2020-08-28,16.3,14.11
2020-08-29,15.5,10.572
2020-08-30,15.5,2.923
2020-08-31,15.1,0.129
2020-09-01,13.9,0.19
2020-09-02,14.3,0.0
2020-09-03,15.7,14.668
2020-09-04,17.6,3.767
2020-09-05,15.2,6.44
2020-09-06,14.3,5.26
2020-09-07,15.4,0.199
2020-09-08,17.4,0.643
2020-09-09,17.6,0.88
2020-09-10,14.1,0.0
2020-09-11,14.8,0.0
2020-09-12,15.3,0.0
2020-09-13,17.0,0.0
2020-09-14,18.8,0.0
2020-09-15,21.7,0.0
2020-09-16,18.5,0.0
2020-09-17,14.3,0.0
2020-09-18,14.3,0.0
2020-09-19,15.1,0.0
2020-09-20,15.4,0.0
2020-09-21,15.8,0.0
2020-09-22,14.4,0.005
2020-09-23,16.1,3.476
2020-09-24,14.2,18.149
2020-09-25,11.4,5.785
2020-09-26,12.6,3.045
2020-09-27,14.8,8.381
2020-09-28,14.2,3.691
2020-09-29,15.4,2.352
2020-09-30,15.1,0.847
2020-10-01,14.2,6.095
2020-10-02,12.4,0.022
2020-10-03,13.2,7.21
2020-10-04,11.7,1.598
2020-10-05,11.8,14.485
2020-10-06,13.0,17.565
2020-10-07,13.0,6.392
2020-10-08,13.3,10.165
2020-10-09,11.7,6.186
2020-10-10,9.3,10.259
2020-10-11,9.6,3.015
2020-10-12,10.3,0.726
2020-10-13,10.4,0.096
2020-10-14,9.7,0.0
2020-10-15,9.9,0.009
2020-10-16,8.6,0.0
2020-10-17,9.1,0.214
2020-10-18,9.6,0.626
2020-10-19,9.2,1.344
2020-10-20,11.0,0.02
2020-10-21,15.0,9.906
2020-10-22,13.8,0.367
2020-10-23,12.1,0.034
2020-10-24,13.4,0.367
2020-10-25,12.4,7.414
2020-10-26,10.2,1.199
2020-10-27,10.0,6.422
2020-10-28,10.5,4.719
2020-10-29,11.1,6.15
2020-10-30,14.7,1.904
2020-10-31,13.6,2.702
2020-11-01,13.3,1.66
2020-11-02,16.1,1.161
2020-11-03,9.7,3.159
2020-11-04,8.2,0.031
2020-11-05,7.5,0.0
2020-11-06,8.7,0.0
2020-11-07,7.2,0.0
2020-11-08,8.4,0.0
2020-11-09,12.6,0.009
2020-11-10,11.9,0.023
2020-11-11,11.5,0.018
2020-11-12,10.4,4.364
2020-11-13,9.4,0.121
2020-11-14,11.3,1.006
2020-11-15,12.5,9.157
2020-11-16,10.5,1.491
2020-11-17,12.3,1.236
2020-11-18,12.7,0.212
2020-11-19,8.9,3.834
2020-11-20,6.5,0.38
2020-11-21,9.1,0.438
2020-11-22,9.4,3.41
2020-11-23,6.7,0.009
2020-11-24,8.0,0.0
2020-11-25,6.6,0.0
2020-11-26,8.9,2.285
2020-11-27,6.3,1.987
2020-11-28,5.0,0.0
2020-11-29,2.0,0.0
2020-11-30,3.3,8.39
2020-12-01,8.6,7.424
2020-12-02,5.9,0.012
2020-12-03,5.8,3.862
2020-12-04,5.6,0.761
2020-12-05,2.3,0.0
2020-12-06,2.3,0.023
2020-12-07,5.0,9.493
2020-12-08,2.6,0.0
2020-12-09,1.2,0.0
2020-12-10,1.7,0.0
2020-12-11,2.5,0.946
2020-12-12,5.7,1.778
2020-12-13,6.3,1.065
2020-12-14,9.2,2.613
2020-12-15,9.0,0.154
2020-12-16,7.0,0.075
2020-12-17,8.8,3.664
2020-12-18,8.1,0.0
2020-12-19,8.2,0.234
2020-12-20,8.2,0.0
2020-12-21,7.4,14.822
2020-12-22,10.4,9.78
2020-12-23,10.4,15.665
2020-12-24,5.7,15.957
2020-12-25,3.4,2.385
2020-12-26,5.2,1.635
2020-12-27,5.8,16.059
2020-12-28,3.6,3.089
2020-12-29,3.5,7.345
2020-12-30,4.3,3.78
2020-12-31,2.3,1.464
2021-01-01,2.4,0.65
2021-01-02,2.9,1.118
2021-01-03,3.5,0.005
2021-01-04,3.1,0.886
2021-01-05,3.0,0.23
2021-01-06,2.5,0.23
2021-01-07,2.9,6.695
2021-01-08,1.9,0.826
2021-01-09,0.5,0.109
2021-01-10,2.5,0.0
2021-01-11,5.7,1.924
2021-01-12,5.6,10.547
2021-01-13,4.5,0.589
2021-01-14,1.9,0.035
2021-01-15,1.4,0.0
2021-01-16,1.1,1.426
2021-01-17,3.8,0.728
2021-01-18,5.0,0.032
2021-01-19,7.7,16.687
2021-01-20,8.8,0.097
2021-01-21,7.3,5.891
2021-01-22,4.6,2.366
2021-01-23,3.2,1.268
2021-01-24,1.9,0.63
2021-01-25,1.8,1.575
2021-01-26,4.6,2.179
2021-01-27,4.7,0.993
2021-01-28,4.8,9.695
2021-01-29,7.1,9.578
2021-01-30,0.7,0.0
2021-01-31,-1.1,0.0
2021-02-01,0.7,1.547
2021-02-02,3.3,2.342
2021-02-03,8.2,15.263
2021-02-04,6.7,0.159
2021-02-05,6.3,3.353
2021-02-06,3.0,1.039
2021-02-07,-3.5,6.503
2021-02-08,-4.5,0.976
2021-02-09,-2.9,1.047
2021-02-10,-3.2,0.176
2021-02-11,-5.1,0.176
2021-02-12,-5.0,0.0
2021-02-13,-4.8,0.0
2021-02-14,-1.1,0.0
2021-02-15,2.6,6.686
2021-02-16,6.6,1.636
2021-02-17,8.6,0.918
2021-02-18,8.4,3.906
2021-02-19,6.8,0.298
2021-02-20,11.6,0.0
2021-02-21,11.2,0.0
2021-02-22,11.4,0.0
2021-02-23,12.2,0.018
2021-02-24,13.4,0.0
2021-02-25,10.3,0.0
2021-02-26,6.1,0.062
2021-02-27,4.4,0.0
2021-02-28,3.7,0.0
2021-03-01,5.6,0.0
2021-03-02,6.3,0.0
2021-03-03,4.0,0.0
2021-03-04,4.1,0.0
2021-03-05,2.8,0.004
2021-03-06,1.3,0.0
2021-03-07,2.3,0.0
2021-03-08,4.9,1.991
2021-03-09,5.5,4.44
2021-03-10,5.4,2.916
2021-03-11,8.8,1.712
2021-03-12,6.8,4.183
2021-03-13,6.9,6.363
2021-03-14,6.6,1.035
2021-03-15,6.5,2.634
2021-03-16,5.6,5.334
2021-03-17,5.3,0.243
2021-03-18,4.6,0.464
2021-03-19,4.8,0.0
2021-03-20,3.9,0.138
2021-03-21,6.4,0.104
2021-03-22,5.7,0.014
2021-03-23,6.3,0.0
2021-03-24,7.1,0.0
2021-03-25,7.9,0.33
2021-03-26,9.9,1.294
2021-03-27,6.7,1.019
2021-03-28,9.0,0.19
2021-03-29,11.5,0.0
2021-03-30,12.1,0.0
2021-03-31,13.6,0.0
2021-04-01,9.9,0.0
2021-04-02,5.5,0.049
2021-04-03,6.9,0.0
2021-04-04,6.2,0.0
2021-04-05,4.6,1.446
2021-04-06,2.7,3.508
2021-04-07,3.8,8.508
2021-04-08,5.3,0.007
2021-04-09,7.4,0.0
2021-04-10,5.1,9.287
2021-04-11,4.4,2.235
2021-04-12,3.4,2.13
2021-04-13,4.8,0.0
2021-04-14,4.4,0.13
2021-04-15,5.1,0.07
2021-04-16,6.3,0.0
2021-04-17,6.6,0.0
2021-04-18,7.8,0.0
2021-04-19,9.2,0.0
2021-04-20,10.8,0.0
2021-04-21,7.9,0.0
2021-04-22,6.5,0.0
2021-04-23,6.7,0.0
2021-04-24,7.5,0.0
2021-04-25,7.0,0.0
2021-04-26,6.5,0.0
2021-04-27,9.1,0.0
2021-04-28,10.2,0.0
2021-04-29,7.8,13.707
2021-04-30,7.8,4.782
2021-05-01,7.5,0.243
2021-05-02,6.9,0.004
2021-05-03,9.3,0.02
2021-05-04,9.2,8.69
2021-05-05,7.3,2.367
2021-05-06,6.9,1.159
2021-05-07,7.1,0.645
2021-05-08,9.1,4.046
2021-05-09,17.0,4.78
2021-05-10,15.5,4.695
2021-05-11,13.1,2.946
2021-05-12,11.7,0.455
2021-05-13,12.2,3.379
2021-05-14,10.7,0.155
2021-05-15,10.3,8.054
2021-05-16,11.5,4.329
2021-05-17,11.2,11.263
2021-05-18,11.4,0.791
2021-05-19,10.9,2.893
2021-05-20,11.5,0.257
2021-05-21,12.8,0.892
2021-05-22,10.6,13.729
2021-05-23,11.0,2.074
2021-05-24,11.4,7.602
2021-05-25,10.6,1.807
2021-05-26,10.7,2.307
2021-05-27,10.7,6.026
2021-05-28,12.3,0.0
2021-05-29,12.2,0.0
2021-05-30,14.0,0.0
2021-05-31,16.2,0.0
2021-06-01,18.5,0.0
2021-06-02,20.3,0.0
2021-06-03,19.6,0.0
2021-06-04,19.0,0.036
2021-06-05,14.7,11.317
2021-06-06,16.1,0.0
2021-06-07,16.3,0.0
2021-06-08,18.4,0.0
2021-06-09,18.3,0.0
2021-06-10,18.1,0.0
2021-06-11,17.3,0.0
2021-06-12,16.4,0.0
2021-06-13,16.2,0.0
2021-06-14,19.1,0.0
2021-06-15,17.9,0.0
2021-06-16,21.0,0.0
2021-06-17,22.9,0.0
2021-06-18,21.2,27.131
2021-06-19,17.6,0.0
2021-06-20,17.7,30.342
2021-06-21,14.1,11.022
2021-06-22,14.6,0.0
2021-06-23,14.3,0.127
2021-06-24,14.6,0.0
2021-06-25,14.7,1.654
2021-06-26,18.8,0.25
2021-06-27,20.2,14.961
2021-06-28,19.9,0.605
2021-06-29,16.8,4.291
2021-06-30,13.9,6.548
2021-07-01,15.1,0.322
2021-07-02,16.9,0.028
2021-07-03,18.0,1.706
2021-07-04,18.2,2.074
2021-07-05,16.9,1.532
2021-07-06,17.8,2.424
2021-07-07,17.5,0.0
2021-07-08,17.4,0.0
2021-07-09,16.6,0.0
2021-07-10,17.0,7.33
2021-07-11,17.6,2.212
2021-07-12,19.0,1.286
2021-07-13,18.8,0.088
2021-07-14,18.0,0.162
2021-07-15,18.2,1.11
2021-07-16,17.9,0.0
2021-07-17,19.4,0.0
2021-07-18,19.6,0.0
2021-07-19,18.0,0.0
2021-07-20,17.6,0.0
2021-07-21,19.3,0.0
2021-07-22,18.0,0.0
2021-07-23,17.5,0.0
2021-07-24,18.6,0.007
2021-07-25,19.5,5.959
2021-07-26,19.1,2.973
2021-07-27,18.0,9.152
2021-07-28,17.5,4.794
2021-07-29,17.1,5.127
2021-07-30,16.8,5.357
2021-07-31,17.0,10.595
2021-08-01,16.3,3.667
2021-08-02,15.0,0.0
2021-08-03,14.8,0.454
2021-08-04,16.1,19.652
2021-08-05,17.9,0.0
2021-08-06,18.8,1.237
2021-08-07,17.2,4.8
2021-08-08,16.8,6.337
2021-08-09,16.9,6.108
2021-08-10,17.3,3.273
2021-08-11,17.6,0.0
2021-08-12,18.3,0.0
2021-08-13,17.9,0.0
2021-08-14,18.3,0.0
2021-08-15,19.2,0.0
2021-08-16,16.6,4.098
2021-08-17,15.4,5.484
2021-08-18,17.0,0.138
2021-08-19,16.7,1.142
2021-08-20,17.7,0.927
2021-08-21,18.2,0.371
2021-08-22,18.0,19.153
2021-08-23,18.4,0.092
2021-08-24,17.4,0.0
2021-08-25,16.1,0.0
2021-08-26,16.4,0.32
2021-08-27,15.4,1.721
2021-08-28,17.0,0.333
2021-08-29,16.3,0.599
2021-08-30,17.6,0.0
2021-08-31,15.8,0.0
2021-09-01,16.6,0.0
2021-09-02,16.2,0.0
2021-09-03,16.0,0.0
2021-09-04,15.9,0.0
2021-09-05,16.1,0.0
2021-09-06,17.3,0.0
2021-09-07,19.2,0.0
2021-09-08,20.1,0.0
2021-09-09,19.7,0.0
2021-09-10,19.5,1.334
2021-09-11,18.5,1.132
2021-09-12,17.0,0.0
2021-09-13,15.3,0.06
2021-09-14,17.4,0.144
2021-09-15,17.2,0.236
2021-09-16,16.7,0.428
2021-09-17,16.4,0.353
2021-09-18,15.7,0.0
2021-09-19,15.9,0.0
2021-09-20,13.7,0.0
2021-09-21,12.7,0.0
2021-09-22,14.9,0.0
2021-09-23,16.1,0.0
2021-09-24,17.5,0.0
2021-09-25,18.1,0.0
2021-09-26,17.5,0.735
2021-09-27,16.1,3.25
2021-09-28,14.4,0.035
2021-09-29,12.6,11.186
2021-09-30,12.7,1.414
2021-10-01,13.6,10.77
2021-10-02,13.1,11.554
2021-10-03,13.8,12.8
2021-10-04,13.5,0.374
2021-10-05,13.0,5.794
2021-10-06,12.9,23.708
2021-10-07,12.7,0.132
2021-10-08,11.0,0.004
2021-10-09,10.8,0.014
2021-10-10,10.4,1.378
2021-10-11,12.3,0.696
2021-10-12,11.6,6.047
2021-10-13,11.0,0.653
2021-10-14,14.2,1.562
2021-10-15,12.6,2.136
2021-10-16,10.8,0.0
2021-10-17,11.9,0.018
2021-10-18,11.5,0.0
2021-10-19,16.1,1.458
2021-10-20,16.0,1.99
2021-10-21,10.8,31.688
2021-10-22,9.9,5.059
2021-10-23,8.5,0.009
2021-10-24,8.5,0.0
2021-10-25,10.3,1.185
2021-10-26,12.3,0.617
2021-10-27,13.7,0.0
2021-10-28,11.7,0.0
2021-10-29,12.5,0.094
2021-10-30,12.1,9.168
2021-10-31,11.2,11.237
2021-11-01,10.0,0.622
2021-11-02,7.2,3.127
2021-11-03,5.7,1.2
2021-11-04,6.6,3.438
2021-11-05,8.2,0.781
2021-11-06,10.7,0.666
2021-11-07,10.4,2.122
2021-11-08,8.3,0.15
2021-11-09,8.2,0.0
2021-11-10,10.0,0.0
2021-11-11,10.4,0.415
2021-11-12,8.3,0.346
2021-11-13,11.2,9.503
2021-11-14,9.9,0.177
2021-11-15,7.0,0.0
2021-11-16,5.1,0.062
2021-11-17,8.8,0.526
2021-11-18,10.4,0.0
2021-11-19,12.2,0.0
2021-11-20,10.5,0.35
2021-11-21,8.4,2.535
2021-11-22,5.2,0.0
2021-11-23,7.2,0.748
2021-11-24,7.1,0.009
2021-11-25,6.3,1.235
2021-11-26,4.9,10.531
2021-11-27,3.7,13.761
2021-11-28,2.6,3.097
2021-11-29,4.5,7.251
2021-11-30,8.8,14.542
2021-12-01,8.6,5.035
2021-12-02,2.8,8.398
2021-12-03,3.7,1.106
2021-12-04,5.3,3.935
2021-12-05,4.5,3.085
2021-12-06,3.1,3.733
2021-12-07,4.4,5.328
2021-12-08,5.1,1.808
2021-12-09,3.8,0.881
2021-12-10,3.4,0.503
2021-12-11,4.6,0.718
2021-12-12,8.9,5.627
2021-12-13,9.7,0.36
2021-12-14,9.1,1.194
2021-12-15,9.9,0.009
2021-12-16,6.5,0.0
2021-12-17,7.8,0.192
2021-12-18,6.4,0.067
2021-12-19,7.1,0.371
2021-12-20,5.1,0.014
2021-12-21,-0.2,0.078
2021-12-22,-1.7,0.0
2021-12-23,2.2,1.506
2021-12-24,8.0,5.264
2021-12-25,-0.5,0.008
2021-12-26,-1.7,0.0
2021-12-27,4.7,1.127
2021-12-28,8.7,3.043
2021-12-29,9.3,4.707
2021-12-30,12.0,0.314
2021-12-31,12.4,0.336
2022-01-01,11.7,0.332
2022-01-02,11.5,6.9
2022-01-03,9.5,0.643
2022-01-04,6.8,0.889
2022-01-05,5.6,3.771
2022-01-06,3.7,0.116
2022-01-07,4.4,2.346
2022-01-08,3.7,11.312
2022-01-09,5.3,6.542
2022-01-10,2.6,0.005
2022-01-11,2.5,0.706
2022-01-12,4.1,0.119
2022-01-13,5.5,0.042
2022-01-14,5.6,0.014
2022-01-15,3.1,0.014
2022-01-16,6.1,0.043
2022-01-17,6.8,0.015
2022-01-18,3.3,0.019
2022-01-19,4.9,1.068
2022-01-20,4.2,1.13
2022-01-21,4.5,0.656
2022-01-22,6.6,0.024
2022-01-23,6.2,0.076
2022-01-24,4.8,0.0
2022-01-25,3.2,0.0
2022-01-26,4.6,0.0
2022-01-27,7.3,2.081
2022-01-28,6.6,0.0
2022-01-29,9.2,0.038
2022-01-30,6.4,0.009
2022-01-31,5.9,7.224
2022-02-01,7.3,2.166
2022-02-02,8.4,0.611
2022-02-03,7.6,0.998
2022-02-04,6.8,6.796
2022-02-05,6.4,3.87
2022-02-06,7.5,13.603
2022-02-07,6.2,0.403
2022-02-08,9.7,0.012
2022-02-09,8.9,0.223
2022-02-10,6.8,3.805
2022-02-11,4.5,1.697
2022-02-12,2.9,0.0
2022-02-13,5.3,0.0
2022-02-14,9.2,1.228
2022-02-15,7.3,9.646
2022-02-16,10.3,7.597
2022-02-17,8.8,0.152
2022-02-18,8.2,1.17
2022-02-19,6.1,11.876
2022-02-20,7.9,19.7
2022-02-21,6.5,6.6
2022-02-22,7.0,1.955
2022-02-23,7.6,0.0
2022-02-24,6.4,6.122
2022-02-25,5.5,1.621
2022-02-26,3.5,0.005
2022-02-27,4.9,0.0
2022-02-28,4.8,0.0
2022-03-01,4.6,1.598
2022-03-02,6.3,0.0
2022-03-03,5.3,0.0
2022-03-04,4.9,0.0
2022-03-05,2.4,0.0
2022-03-06,3.4,0.0
2022-03-07,3.2,0.0
2022-03-08,5.0,0.0
2022-03-09,6.8,0.0
2022-03-10,8.7,0.0
2022-03-11,9.9,0.0
2022-03-12,10.8,0.116
2022-03-13,12.1,0.0
2022-03-14,9.5,0.157
2022-03-15,8.8,0.0
2022-03-16,9.4,0.0
2022-03-17,8.3,1.355
2022-03-18,8.2,0.0
2022-03-19,8.8,0.0
2022-03-20,5.2,0.228
2022-03-21,7.7,0.0
2022-03-22,11.2,0.0
2022-03-23,11.3,0.0
2022-03-24,10.1,0.0
2022-03-25,8.9,0.0
2022-03-26,9.8,0.0
2022-03-27,10.0,0.0
2022-03-28,8.1,0.0
2022-03-29,8.4,0.0
2022-03-30,6.3,0.014
2022-03-31,2.3,16.085
2022-04-01,2.6,7.551
2022-04-02,3.7,0.014
2022-04-03,3.2,0.7
2022-04-04,7.0,11.267
2022-04-05,9.6,2.848
2022-04-06,10.0,0.596
2022-04-07,8.7,11.153
2022-04-08,6.6,4.312
2022-04-09,6.0,0.255
2022-04-10,6.4,3.631
2022-04-11,9.1,0.064
2022-04-12,13.4,0.0
2022-04-13,13.2,0.0
2022-04-14,12.1,0.007
2022-04-15,9.4,0.0
2022-04-16,10.9,0.0
2022-04-17,11.8,0.0
2022-04-18,12.9,0.0
2022-04-19,12.3,0.0
2022-04-20,11.9,0.009
2022-04-21,12.0,0.0
2022-04-22,13.4,0.0
2022-04-23,14.0,0.0
2022-04-24,12.0,0.0
2022-04-25,9.1,0.446
2022-04-26,9.4,0.0
2022-04-27,8.1,0.0
2022-04-28,8.1,0.0
2022-04-29,8.8,0.0
2022-04-30,8.5,0.0
2022-05-01,8.7,0.0
2022-05-02,10.7,0.0
2022-05-03,9.1,0.0
2022-05-04,9.7,0.0
2022-05-05,12.1,0.0
2022-05-06,13.5,0.0
2022-05-07,14.4,0.064
2022-05-08,11.3,0.0
2022-05-09,13.9,0.0
2022-05-10,16.2,0.046
2022-05-11,14.9,2.276
2022-05-12,13.7,0.235
2022-05-13,14.1,0.0
2022-05-14,15.1,0.0
2022-05-15,17.4,0.0
2022-05-16,17.7,0.719
2022-05-17,17.6,0.159
2022-05-18,18.2,0.0
2022-05-19,17.3,5.039
2022-05-20,13.2,12.342
2022-05-21,14.0,0.062
2022-05-22,15.0,0.0
2022-05-23,15.9,12.218
2022-05-24,13.8,1.302
2022-05-25,13.5,0.164
2022-05-26,15.7,0.113
2022-05-27,14.1,0.962
2022-05-28,12.2,0.733
2022-05-29,10.8,1.085
2022-05-30,10.5,0.104
2022-05-31,12.4,1.895
2022-06-01,12.4,3.83
2022-06-02,13.1,0.049
2022-06-03,16.6,0.0
2022-06-04,15.4,0.0
2022-06-05,15.8,17.283
2022-06-06,14.1,10.779
2022-06-07,14.7,0.0
2022-06-08,15.6,3.812
2022-06-09,16.2,0.073
2022-06-10,17.3,0.009
2022-06-11,17.3,0.0
2022-06-12,15.9,0.0
2022-06-13,14.8,0.015
2022-06-14,15.0,0.0
2022-06-15,17.4,0.0
2022-06-16,18.3,0.0
2022-06-17,21.9,0.0
2022-06-18,20.2,0.0
2022-06-19,14.7,1.621
2022-06-20,15.1,0.012
2022-06-21,15.3,0.0
2022-06-22,17.4,0.0
2022-06-23,21.8,0.0
2022-06-24,20.0,21.634
2022-06-25,18.3,3.691
2022-06-26,17.9,1.863
2022-06-27,17.0,2.959
2022-06-28,17.6,0.0
2022-06-29,20.5,0.0
2022-06-30,17.7,7.292
2022-07-01,16.2,5.235
2022-07-02,17.8,0.0
2022-07-03,17.5,0.142
2022-07-04,17.1,0.0
2022-07-05,16.3,0.0
2022-07-06,16.5,0.01
2022-07-07,16.6,0.299
2022-07-08,17.1,0.0
2022-07-09,17.2,0.0
2022-07-10,17.0,0.005
2022-07-11,18.2,0.054
2022-07-12,20.5,0.0
2022-07-13,21.4,0.295
2022-07-14,16.6,0.0
2022-07-15,16.8,0.0
2022-07-16,17.6,0.322
2022-07-17,17.9,0.0
2022-07-18,23.1,0.0
2022-07-19,27.3,0.0
2022-07-20,23.8,0.102
2022-07-21,18.2,7.837
2022-07-22,17.1,0.025
2022-07-23,18.0,0.0
2022-07-24,22.3,0.0
2022-07-25,20.9,0.02
2022-07-26,17.6,8.153
2022-07-27,16.1,0.129
2022-07-28,16.7,0.0
2022-07-29,18.6,0.0
2022-07-30,18.5,0.0
2022-07-31,19.2,4.091
2022-08-01,18.9,0.257
2022-08-02,20.0,0.0
2022-08-03,22.2,0.0
2022-08-04,21.4,0.0
2022-08-05,17.6,0.0
2022-08-06,16.3,0.0
2022-08-07,16.5,0.0
2022-08-08,17.3,0.0
2022-08-09,19.1,0.0
2022-08-10,21.5,0.0
2022-08-11,23.6,0.0
2022-08-12,24.5,0.0
2022-08-13,24.0,0.0
2022-08-14,24.5,0.0
2022-08-15,22.5,0.299
2022-08-16,21.3,0.0
2022-08-17,19.2,36.464
2022-08-18,19.9,0.337
2022-08-19,19.8,0.098
2022-08-20,19.2,0.0
2022-08-21,18.3,0.0
2022-08-22,19.8,0.0
2022-08-23,21.8,0.0
2022-08-24,22.5,0.0
2022-08-25,24.0,0.0
2022-08-26,19.3,0.185
2022-08-27,17.0,0.0
2022-08-28,16.9,0.0
2022-08-29,17.1,0.0
2022-08-30,18.6,0.0
2022-08-31,18.6,0.0
2022-09-01,18.6,0.0
2022-09-02,19.4,2.022
2022-09-03,20.3,0.0
2022-09-04,20.2,0.0
2022-09-05,21.7,0.536
2022-09-06,20.8,1.171
2022-09-07,19.0,15.712
2022-09-08,18.1,7.78
2022-09-09,16.0,4.839
2022-09-10,17.3,8.069
2022-09-11,16.8,0.0
2022-09-12,18.2,0.0
2022-09-13,18.6,0.092
2022-09-14,16.3,0.0
2022-09-15,15.2,0.411
2022-09-16,13.1,11.03
2022-09-17,12.7,4.668
2022-09-18,12.1,26.893
2022-09-19,13.4,2.183
2022-09-20,12.8,0.134
2022-09-21,12.1,0.0
2022-09-22,12.1,0.0
2022-09-23,13.5,0.019
2022-09-24,14.0,13.498
2022-09-25,11.7,0.707
2022-09-26,12.5,1.601
2022-09-27,9.9,17.254
2022-09-28,10.4,12.888
2022-09-29,9.6,0.255
2022-09-30,11.8,0.089
2022-10-01,14.4,15.484
2022-10-02,14.1,0.648
2022-10-03,12.6,0.004
2022-10-04,14.1,0.0
2022-10-05,16.1,0.14
2022-10-06,13.8,0.772
2022-10-07,13.2,0.0
2022-10-08,12.6,0.9
2022-10-09,10.4,0.463
2022-10-10,10.8,0.885
2022-10-11,10.2,0.0
2022-10-12,9.8,0.0
2022-10-13,12.0,7.061
2022-10-14,12.2,3.833
2022-10-15,13.8,1.58
2022-10-16,14.4,0.377
2022-10-17,15.4,3.925
2022-10-18,12.3,0.394
2022-10-19,9.8,0.009
2022-10-20,11.7,2.263
2022-10-21,15.0,0.258
2022-10-22,14.7,0.264
2022-10-23,14.6,0.191
2022-10-24,15.3,4.871
2022-10-25,14.1,6.444
2022-10-26,14.7,0.0
2022-10-27,16.0,0.101
2022-10-28,16.5,0.0
2022-10-29,15.4,0.0
2022-10-30,15.0,0.0
2022-10-31,12.9,0.0
2022-11-01,14.7,0.775
2022-11-02,12.4,6.601
2022-11-03,12.4,0.54
2022-11-04,9.8,3.472
2022-11-05,9.3,1.835
2022-11-06,10.3,4.393
2022-11-07,12.7,14.961
2022-11-08,12.8,1.87
2022-11-09,12.3,4.475
2022-11-10,12.0,2.135
2022-11-11,10.2,0.0
2022-11-12,9.0,0.004
2022-11-13,9.2,0.0
2022-11-14,5.9,0.0
2022-11-15,10.1,0.303
2022-11-16,10.5,6.96
2022-11-17,10.3,12.244
2022-11-18,8.1,6.662
2022-11-19,1.4,0.589
2022-11-20,-0.4,0.0
2022-11-21,4.7,8.723
2022-11-22,6.6,3.558
2022-11-23,8.2,1.003
2022-11-24,9.0,1.853
2022-11-25,8.9,4.494
2022-11-26,7.3,0.0
2022-11-27,6.7,1.12
2022-11-28,8.5,9.841
2022-11-29,7.2,0.19
2022-11-30,6.7,0.171
2022-12-01,4.9,0.009
2022-12-02,3.2,0.0
2022-12-03,2.0,0.0
2022-12-04,1.2,0.0
2022-12-05,5.4,0.19
2022-12-06,4.7,1.978
2022-12-07,4.2,2.287
2022-12-08,2.8,6.445
2022-12-09,-0.1,0.575
2022-12-10,0.1,0.0
2022-12-11,1.7,0.0
2022-12-12,-1.1,0.0
2022-12-13,-3.2,0.005
2022-12-14,-2.6,0.062
2022-12-15,0.1,1.635
2022-12-16,-0.1,0.143
2022-12-17,-1.6,0.0
2022-12-18,-2.5,1.214
2022-12-19,6.7,4.536
2022-12-20,9.7,2.93
2022-12-21,6.8,0.738
2022-12-22,8.2,2.773
2022-12-23,8.9,8.68
2022-12-24,8.9,1.611
2022-12-25,8.7,3.093
2022-12-26,7.6,1.166
2022-12-27,6.5,0.281
2022-12-28,8.9,3.424
2022-12-29,9.5,2.758
2022-12-30,7.9,1.968
2022-12-31,12.9,15.488
2023-01-01,12.0,7.659
2023-01-02,8.7,5.107
2023-01-03,5.8,0.289
2023-01-04,11.3,11.053
2023-01-05,10.4,0.83
2023-01-06,9.9,0.941
2023-01-07,10.3,0.93
2023-01-08,8.4,2.346
2023-01-09,7.1,2.343
2023-01-10,7.2,7.184
2023-01-11,9.9,2.938
2023-01-12,10.5,16.57
2023-01-13,9.0,1.145
2023-01-14,8.2,13.577
2023-01-15,6.6,5.988
2023-01-16,3.9,14.875
2023-01-17,2.2,3.814
2023-01-18,2.5,1.124
2023-01-19,3.8,5.815
2023-01-20,1.1,4.862
2023-01-21,-0.4,0.672
2023-01-22,1.5,0.0
2023-01-23,3.2,0.0
2023-01-24,2.2,0.015
2023-01-25,0.3,0.677
2023-01-26,4.6,1.617
2023-01-27,4.2,0.015
2023-01-28,3.6,0.0
2023-01-29,5.1,0.087
2023-01-30,7.1,0.889
2023-01-31,6.7,0.095
2023-02-01,7.5,0.042
2023-02-02,8.2,2.543
2023-02-03,8.9,0.053
2023-02-04,7.2,0.0
2023-02-05,6.8,1.445
2023-02-06,4.2,0.0
2023-02-07,1.0,0.068
2023-02-08,1.0,0.0
2023-02-09,2.2,0.0
2023-02-10,4.6,0.0
2023-02-11,7.8,0.0
2023-02-12,7.2,0.0
2023-02-13,7.2,0.0
2023-02-14,5.1,0.0
2023-02-15,5.0,0.0
2023-02-16,8.0,2.952
2023-02-17,10.0,0.406
2023-02-18,10.0,1.161
2023-02-19,7.8,1.6
2023-02-20,8.2,0.015
2023-02-21,8.3,0.0
2023-02-22,6.8,1.219
2023-02-23,6.7,0.292
2023-02-24,5.3,3.184
2023-02-25,4.6,0.969
2023-02-26,3.2,0.045
2023-02-27,3.1,0.0
2023-02-28,3.0,1.56
2023-03-01,2.1,0.358
2023-03-02,3.6,0.0
2023-03-03,4.7,0.0
2023-03-04,6.0,0.506
2023-03-05,3.8,1.303
2023-03-06,3.8,3.659
2023-03-07,2.8,3.571
2023-03-08,1.1,0.935
2023-03-09,1.7,11.02
2023-03-10,1.7,13.823
2023-03-11,2.3,1.885
2023-03-12,6.4,0.268
2023-03-13,12.0,3.007
2023-03-14,7.0,6.604
2023-03-15,4.8,0.589
2023-03-16,8.5,0.286
2023-03-17,11.2,0.045
2023-03-18,11.7,2.087
2023-03-19,9.0,1.038
2023-03-20,8.2,3.132
2023-03-21,10.0,3.295
2023-03-22,10.4,3.534
2023-03-23,12.4,8.656
2023-03-24,11.1,3.423
2023-03-25,9.3,5.074
2023-03-26,7.0,0.975
2023-03-27,4.4,0.768
2023-03-28,4.4,0.041
2023-03-29,9.6,0.164
2023-03-30,12.5,0.015
2023-03-31,10.6,9.645
2023-04-01,9.5,6.906
2023-04-02,6.2,0.09
2023-04-03,5.7,0.0
2023-04-04,5.1,0.0
2023-04-05,5.8,0.0
2023-04-06,6.8,3.924
2023-04-07,8.5,0.756
2023-04-08,8.3,0.0
2023-04-09,10.4,0.0
2023-04-10,10.7,5.404
2023-04-11,9.8,4.714
2023-04-12,9.5,4.914
2023-04-13,8.5,3.222
2023-04-14,9.0,0.252
2023-04-15,9.2,0.008
2023-04-16,8.6,0.348
2023-04-17,9.7,0.03
2023-04-18,9.7,0.0
2023-04-19,10.6,0.0
2023-04-20,8.7,0.735
2023-04-21,10.9,5.032
2023-04-22,9.1,3.58
2023-04-23,11.1,5.995
2023-04-24,8.9,20.245
2023-04-25,6.7,0.506
2023-04-26,6.2,0.079
2023-04-27,7.5,0.0
2023-04-28,10.1,0.225
2023-04-29,11.2,0.075
2023-04-30,11.2,0.0
2023-05-01,11.4,0.0
2023-05-02,9.5,0.015
2023-05-03,8.9,0.0
2023-05-04,13.6,0.0
2023-05-05,14.5,0.899
2023-05-06,14.7,2.502
2023-05-07,15.7,1.653
2023-05-08,14.1,0.0
2023-05-09,13.8,13.561
2023-05-10,12.6,1.896
2023-05-11,13.3,1.864
2023-05-12,15.3,2.324
2023-05-13,16.0,0.0
2023-05-14,13.4,0.0
2023-05-15,10.5,0.203
2023-05-16,10.3,0.01
2023-05-17,10.7,0.0
2023-05-18,9.8,0.0
2023-05-19,13.1,0.0
2023-05-20,15.1,0.0
2023-05-21,16.1,0.0
2023-05-22,16.6,0.0
2023-05-23,12.7,0.0
2023-05-24,11.8,0.0
2023-05-25,12.5,0.0
2023-05-26,12.4,0.0
2023-05-27,13.6,0.097
2023-05-28,15.2,0.0
2023-05-29,12.5,0.0
2023-05-30,12.4,0.0
2023-05-31,14.8,0.0
2023-06-01,12.4,0.0
2023-06-02,13.4,0.0
2023-06-03,16.1,0.0
2023-06-04,15.4,0.0
2023-06-05,13.8,0.0
2023-06-06,14.5,0.0
2023-06-07,15.0,0.0
2023-06-08,16.3,0.0
2023-06-09,20.1,0.0
2023-06-10,22.8,0.0
2023-06-11,24.2,0.0
2023-06-12,24.3,0.0
2023-06-13,22.4,0.0
2023-06-14,20.7,0.0
2023-06-15,20.8,0.0
2023-06-16,19.9,0.0
2023-06-17,19.2,0.0
2023-06-18,22.1,0.0
2023-06-19,20.5,0.0
2023-06-20,21.9,13.926
2023-06-21,19.8,2.331
2023-06-22,19.4,0.084
2023-06-23,19.8,0.208
2023-06-24,21.0,0.0
2023-06-25,24.4,0.0
2023-06-26,19.7,0.0
2023-06-27,17.7,0.625
2023-06-28,18.1,2.589
2023-06-29,18.5,0.139
2023-06-30,17.0,0.093
2023-07-01,17.5,3.676
2023-07-02,17.3,0.552
2023-07-03,17.1,0.164
2023-07-04,16.8,4.009
2023-07-05,14.6,24.311
2023-07-06,17.0,1.008
2023-07-07,20.2,0.0
2023-07-08,24.1,0.0
2023-07-09,21.9,6.715
2023-07-10,20.0,0.273
2023-07-11,20.9,0.292
2023-07-12,18.8,0.7
2023-07-13,18.3,4.842
2023-07-14,18.6,0.171
2023-07-15,20.9,1.337
2023-07-16,18.7,0.325
2023-07-17,17.8,1.108
2023-07-18,18.1,0.105
2023-07-19,17.5,0.288
2023-07-20,16.6,0.489
2023-07-21,16.3,0.098
2023-07-22,16.2,0.815
2023-07-23,17.7,4.341
2023-07-24,17.5,0.185
2023-07-25,15.2,0.0
2023-07-26,15.9,0.754
2023-07-27,17.1,12.891
2023-07-28,19.5,0.881
2023-07-29,18.9,0.509
2023-07-30,18.1,0.712
2023-07-31,17.9,20.501
2023-08-01,17.4,3.5
2023-08-02,17.3,11.187
2023-08-03,17.4,6.416
2023-08-04,16.9,1.616
2023-08-05,15.6,1.407
2023-08-06,15.1,32.215
2023-08-07,15.8,4.588
2023-08-08,16.4,0.173
2023-08-09,15.9,0.972
2023-08-10,17.7,0.0
2023-08-11,20.3,0.0
2023-08-12,19.6,9.3
2023-08-13,18.9,1.218
2023-08-14,19.7,0.0
2023-08-15,19.1,0.049
2023-08-16,18.0,0.0
2023-08-17,18.4,0.0
2023-08-18,20.1,0.0
2023-08-19,22.2,0.075
2023-08-20,19.4,0.0
2023-08-21,18.9,0.0
2023-08-22,18.7,0.0
2023-08-23,18.8,0.0
2023-08-24,19.4,1.666
2023-08-25,19.5,1.745
2023-08-26,16.5,5.927
2023-08-27,15.3,7.188
2023-08-28,16.1,1.892
2023-08-29,15.4,0.375
2023-08-30,14.8,4.384
2023-08-31,15.3,9.434
2023-09-01,16.0,0.741
2023-09-02,17.9,7.589
2023-09-03,16.8,0.0
2023-09-04,18.0,0.0
2023-09-05,21.3,0.0
2023-09-06,22.5,0.0
2023-09-07,22.4,0.0
2023-09-08,22.3,0.0
2023-09-09,21.5,0.004
2023-09-10,24.0,0.0
2023-09-11,21.7,0.007
2023-09-12,19.8,1.501
2023-09-13,17.3,1.7
2023-09-14,15.2,0.014
2023-09-15,16.5,0.0
2023-09-16,18.5,0.0
2023-09-17,17.4,2.919
2023-09-18,19.3,9.196
2023-09-19,16.4,5.187
2023-09-20,18.5,4.492
2023-09-21,16.2,8.934
2023-09-22,14.1,5.475
2023-09-23,13.9,16.12
2023-09-24,14.6,0.319
2023-09-25,15.8,0.0
2023-09-26,16.9,0.014
2023-09-27,17.6,0.0
2023-09-28,17.9,0.0
2023-09-29,16.9,1.93
2023-09-30,15.2,0.0
2023-10-01,18.1,0.0
2023-10-02,18.5,0.0
2023-10-03,16.8,1.889
2023-10-04,15.4,0.248
2023-10-05,16.1,0.014
2023-10-06,16.6,0.013
2023-10-07,18.3,0.0
2023-10-08,15.8,0.0
2023-10-09,17.4,0.0
2023-10-10,17.2,0.0
2023-10-11,17.9,0.198
2023-10-12,14.8,12.031
2023-10-13,18.3,12.146
2023-10-14,12.3,6.187
2023-10-15,8.6,9.574
2023-10-16,9.3,2.353
2023-10-17,8.7,0.068
2023-10-18,9.2,0.161
2023-10-19,14.4,13.067
2023-10-20,11.2,14.489
2023-10-21,13.0,10.291
2023-10-22,12.3,5.739
2023-10-23,9.6,0.035
2023-10-24,11.8,5.828
2023-10-25,9.8,9.021
2023-10-26,9.2,1.234
2023-10-27,10.6,7.388
2023-10-28,11.1,3.287
2023-10-29,12.6,12.321
2023-10-30,11.0,4.277
2023-10-31,11.0,21.647
2023-11-01,12.3,8.177
2023-11-02,10.7,6.277
2023-11-03,10.1,20.596
2023-11-04,9.3,4.706
2023-11-05,10.6,8.575
2023-11-06,10.2,4.073
2023-11-07,9.9,6.69
2023-11-08,9.7,8.555
2023-11-09,9.5,14.652
2023-11-10,7.5,11.602
2023-11-11,8.0,4.554
2023-11-12,6.0,0.625
2023-11-13,9.7,4.189
2023-11-14,12.4,6.25
2023-11-15,11.0,11.381
2023-11-16,7.4,2.926
2023-11-17,5.6,0.0
2023-11-18,7.8,7.61
2023-11-19,13.0,2.45
2023-11-20,10.6,6.481
2023-11-21,8.4,0.199
2023-11-22,6.0,0.014
2023-11-23,11.9,0.36
2023-11-24,7.1,1.612
2023-11-25,6.1,4.772
2023-11-26,5.8,1.512
2023-11-27,4.7,12.798
2023-11-28,3.0,1.851
2023-11-29,2.9,9.904
2023-11-30,0.9,1.495
2023-12-01,-0.8,0.0
2023-12-02,-0.6,0.607
2023-12-03,0.8,2.28
2023-12-04,1.9,2.472
2023-12-05,1.9,1.997
2023-12-06,2.9,0.48
2023-12-07,0.3,0.13
2023-12-08,5.1,1.114
2023-12-09,7.9,6.633
2023-12-10,9.6,9.979
2023-12-11,9.4,2.188
2023-12-12,7.8,4.345
2023-12-13,8.1,5.236
2023-12-14,5.7,1.49
2023-12-15,8.5,0.151
2023-12-16,8.7,0.0
2023-12-17,9.2,0.004
2023-12-18,8.4,0.0
2023-12-19,8.6,14.128
2023-12-20,8.6,3.86
2023-12-21,10.0,1.801
2023-12-22,9.0,6.753
2023-12-23,10.0,5.149
2023-12-24,11.4,8.356
2023-12-25,11.3,2.152
2023-12-26,8.3,13.522
2023-12-27,6.8,1.73
2023-12-28,10.8,0.63
2023-12-29,9.8,8.24
2023-12-30,8.3,0.52
2023-12-31,8.8,4.74
2024-01-01,8.0,14.249
2024-01-02,10.2,17.935
2024-01-03,9.6,9.226
2024-01-04,7.4,8.187
2024-01-05,7.1,8.249
2024-01-06,3.7,0.098
2024-01-07,0.5,0.015
2024-01-08,-0.8,0.0
2024-01-09,-2.3,0.0
2024-01-10,-2.0,0.0
2024-01-11,-0.3,0.0
2024-01-12,4.0,0.01
2024-01-13,4.6,1.002
2024-01-14,4.3,2.747
2024-01-15,2.5,3.366
2024-01-16,1.3,2.814
2024-01-17,-0.5,0.129
2024-01-18,-0.3,0.337
2024-01-19,2.0,0.751
2024-01-20,0.9,0.0
2024-01-21,3.4,0.201
2024-01-22,9.5,1.656
2024-01-23,8.1,4.604
2024-01-24,10.0,1.409
2024-01-25,6.9,1.425
2024-01-26,8.4,4.101
2024-01-27,4.2,0.268
2024-01-28,4.2,0.0
2024-01-29,6.4,0.0
2024-01-30,7.8,0.644
2024-01-31,6.5,0.075
2024-02-01,6.6,4.35
2024-02-02,7.6,0.0
2024-02-03,10.0,0.0
2024-02-04,9.7,2.123
2024-02-05,9.4,0.051
2024-02-06,10.5,4.573
2024-02-07,4.8,3.834
2024-02-08,2.4,8.38
2024-02-09,10.2,12.673
2024-02-10,10.4,0.454
2024-02-11,8.9,3.334
2024-02-12,7.0,0.591
2024-02-13,6.6,0.083
2024-02-14,10.6,11.723
2024-02-15,12.8,6.248
2024-02-16,10.6,2.067
2024-02-17,9.8,0.415
2024-02-18,9.4,16.306
2024-02-19,8.7,4.968
2024-02-20,8.3,0.207
2024-02-21,9.3,5.415
2024-02-22,9.9,6.403
2024-02-23,6.2,6.331
2024-02-24,4.7,4.341
2024-02-25,6.2,4.063
2024-02-26,5.5,0.122
2024-02-27,4.7,0.05
2024-02-28,6.9,0.0
2024-02-29,8.3,4.953
2024-03-01,7.6,2.291
2024-03-02,8.9,0.755
2024-03-03,10.6,0.0
2024-03-04,7.5,0.0
2024-03-05,6.0,0.466
2024-03-06,7.5,0.426
2024-03-07,5.6,0.0
2024-03-08,5.5,0.0
2024-03-09,7.9,0.0
2024-03-10,8.7,0.0
2024-03-11,7.1,3.572
2024-03-12,8.4,1.414
2024-03-13,10.9,1.1
2024-03-14,12.5,0.005
2024-03-15,12.5,0.701
2024-03-16,7.8,0.87
2024-03-17,9.3,2.806
2024-03-18,10.7,0.944
2024-03-19,11.4,0.0
2024-03-20,11.2,0.021
2024-03-21,8.9,0.014
2024-03-22,9.7,0.645
2024-03-23,6.9,2.822
2024-03-24,6.9,7.458
2024-03-25,7.4,0.855
2024-03-26,8.3,0.2
2024-03-27,10.0,0.014
2024-03-28,8.8,4.3
2024-03-29,10.7,0.1
2024-03-30,9.0,3.7
2024-03-31,9.3,11.7
2024-04-01,10.1,0.0
2024-04-02,9.7,0.3
2024-04-03,10.9,3.529
2024-04-04,11.5,4.123
2024-04-05,13.2,2.471
2024-04-06,16.8,0.495
2024-04-07,15.5,0.556
2024-04-08,14.6,0.068
2024-04-09,11.8,4.532
2024-04-10,11.2,0.447
2024-04-11,13.0,0.15
2024-04-12,14.9,0.023
2024-04-13,16.3,0.0
2024-04-14,11.3,0.0
2024-04-15,8.3,7.703
2024-04-16,8.4,11.66
2024-04-17,6.1,10.701
2024-04-18,6.9,0.119
2024-04-19,8.6,9.469
2024-04-20,7.4,2.218
2024-04-21,6.8,1.675
2024-04-22,6.0,0.269
2024-04-23,5.4,1.639
2024-04-24,6.4,2.511
2024-04-25,6.2,5.41
2024-04-26,8.0,1.752
2024-04-27,10.6,2.817
2024-04-28,13.0,0.975
2024-04-29,12.6,0.023
2024-04-30,15.7,0.042
2024-05-01,18.2,0.1
2024-05-02,17.6,0.133
2024-05-03,12.2,12.076
2024-05-04,11.6,2.678
2024-05-05,12.6,7.168
2024-05-06,14.0,0.0
2024-05-07,14.2,0.0
2024-05-08,12.5,0.057
2024-05-09,12.5,0.0
2024-05-10,14.5,0.0
2024-05-11,16.1,0.0
2024-05-12,19.5,0.062
2024-05-13,19.6,0.58
2024-05-14,20.4,2.149
2024-05-15,16.2,9.185
2024-05-16,16.1,2.896
2024-05-17,14.9,1.25
2024-05-18,17.6,0.205
2024-05-19,17.1,0.683
2024-05-20,15.7,3.235
2024-05-21,17.5,8.904
2024-05-22,15.6,22.795
2024-05-23,15.5,0.0
2024-05-24,14.9,0.758
2024-05-25,15.3,34.889
2024-05-26,15.7,3.624
2024-05-27,14.7,1.264
2024-05-28,14.4,6.208
2024-05-29,15.3,22.682
2024-05-30,14.3,0.602
2024-05-31,15.5,0.61
2024-06-01,14.9,1.454
2024-06-02,14.1,0.339
2024-06-03,13.7,0.2
2024-06-04,16.1,1.251
2024-06-05,13.2,2.282
2024-06-06,13.2,0.0
2024-06-07,14.3,0.0
2024-06-08,13.7,0.364
2024-06-09,13.0,0.405
2024-06-10,11.5,21.936
2024-06-11,11.9,9.783
2024-06-12,11.7,1.783
2024-06-13,14.0,0.33
2024-06-14,15.0,1.426
2024-06-15,14.2,8.68
2024-06-16,14.9,2.501
2024-06-17,16.1,0.529
2024-06-18,15.4,0.597
2024-06-19,15.7,0.17
2024-06-20,15.4,0.006
2024-06-21,16.1,10.1
2024-06-22,16.4,0.0
2024-06-23,18.0,0.0
2024-06-24,19.1,0.0
2024-06-25,21.3,0.0
2024-06-26,22.9,0.0
2024-06-27,23.5,0.0
2024-06-28,19.1,0.0
2024-06-29,16.3,8.4
2024-06-30,14.8,6.8
2024-07-01,15.2,0.3
2024-07-02,17.6,0.0
2024-07-03,16.7,2.9
2024-07-04,16.3,0.0
2024-07-05,18.0,0.0
2024-07-06,16.7,0.7
2024-07-07,17.1,0.0
2024-07-08,17.8,1.7
2024-07-09,17.1,2.4
2024-07-10,17.8,2.8
2024-07-11,17.8,3.6
2024-07-12,17.1,7.3
2024-07-13,17.0,3.0
2024-07-14,17.2,5.2
2024-07-15,17.8,2.1
2024-07-16,18.4,3.5
2024-07-17,18.3,3.9
2024-07-18,18.5,2.6
2024-07-19,19.2,1.9
2024-07-20,18.6,3.0
2024-07-21,18.3,1.7
2024-07-22,18.4,1.3
2024-07-23,18.7,1.6
2024-07-24,18.9,3.7
